Episode,Event,X_Pos
0,death,255
1,death,1126
2,death,290
3,death,690
4,death,1440
5,death,899
6,death,1135
7,death,691
8,death,1670
9,death,2600
10,death,703
11,death,667
12,death,722
13,death,709
14,death,693
15,death,658
16,death,723
17,death,898
18,death,697
19,death,1127
20,death,685
21,death,1125
22,death,697
23,death,282
24,death,2020
25,death,254
26,death,723
27,death,301
28,death,723
29,death,298
30,death,698
31,death,1124
32,death,826
33,death,668
34,death,302
35,death,723
36,death,279
37,death,1126
38,death,871
39,death,284
40,death,675
41,death,290
42,death,1126
43,death,679
44,death,899
45,death,283
46,death,723
47,death,698
48,death,723
49,death,661
50,death,831
51,death,278
52,death,259
53,death,1401
54,death,310
55,death,292
56,death,722
57,death,900
58,death,653
59,death,292
60,death,307
61,death,282
62,death,1409
63,death,315
64,death,1503
65,death,1432
66,death,1130
67,death,722
68,death,296
69,death,297
70,death,692
71,death,273
72,death,725
73,death,688
74,death,723
75,death,723
76,death,1126
77,death,268
78,death,1134
79,death,298
80,death,1226
81,death,689
82,death,712
83,death,1131
84,death,301
85,death,269
86,death,1130
87,death,1124
88,death,898
89,death,1431
90,death,819
91,death,1129
92,death,685
93,death,290
94,death,1138
95,death,1127
96,death,1410
97,death,251
98,death,301
99,death,723
100,death,678
101,death,1474
102,death,309
103,death,1136
104,death,1411
105,death,670
106,death,304
107,death,796
108,death,1421
109,death,279
110,death,1402
111,death,1423
112,death,1137
113,death,1228
114,death,899
115,death,302
116,death,270
117,death,664
118,death,310
119,death,286
120,death,270
121,death,1754
122,death,1138
123,death,859
124,death,279
125,death,900
126,death,680
127,death,898
128,death,1773
129,death,1126
130,death,1430
131,death,2010
132,death,300
133,death,699
134,death,293
135,death,683
136,death,310
137,death,311
138,death,832
139,death,302
140,death,270
141,death,700
142,death,1408
143,death,297
144,death,1122
145,death,1126
146,death,304
147,death,1129
148,death,689
149,death,849
150,death,293
151,death,1124
152,death,1130
153,death,722
154,death,723
155,death,723
156,death,664
157,death,809
158,death,297
159,death,1421
160,death,723
161,death,1126
162,death,704
163,death,1439
164,death,711
165,death,722
166,death,295
167,death,298
168,death,689
169,death,703
170,death,900
171,death,1522
172,death,291
173,death,1234
174,death,313
175,death,899
176,death,697
177,death,1405
178,death,1125
179,death,288
180,death,682
181,death,244
182,death,722
183,death,291
184,death,302
185,death,305
186,death,680
187,death,698
188,death,687
189,death,685
190,death,297
191,death,308
192,death,677
193,death,305
194,death,868
195,death,679
196,death,1127
197,death,818
198,death,696
199,death,1127
200,death,898
201,death,899
202,death,279
203,death,310
204,death,722
205,death,313
206,death,297
207,death,1411
208,death,316
209,death,265
210,death,1122
211,death,705
212,death,260
213,death,306
214,death,303
215,death,289
216,death,299
217,death,674
218,death,692
219,death,1130
220,death,815
221,death,899
222,death,290
223,death,285
224,death,2741
225,death,299
226,death,309
227,death,1152
228,death,693
229,death,850
230,death,290
231,death,683
232,death,814
233,death,307
234,death,675
235,death,672
236,death,314
237,death,840
238,death,723
239,death,295
240,death,300
241,death,791
242,death,298
243,death,711
244,death,302
245,death,256
246,death,1126
247,death,284
248,death,674
249,death,289
250,death,1431
251,death,294
252,death,704
253,death,802
254,death,688
255,death,1417
256,death,304
257,death,702
258,death,709
259,death,682
260,death,900
261,death,292
262,death,314
263,death,1128
264,death,299
265,death,1503
266,death,693
267,death,294
268,death,298
269,death,698
270,death,304
271,death,306
272,death,247
273,death,821
274,death,1411
275,death,678
276,death,1420
277,death,695
278,death,280
279,death,283
280,death,723
281,death,899
282,death,309
283,death,294
284,death,1129
285,death,672
286,death,864
287,death,714
288,death,700
289,death,861
290,death,294
291,death,307
292,death,900
293,death,858
294,death,665
295,death,281
296,death,1651
297,death,301
298,death,272
299,death,296
300,death,1137
301,death,258
302,death,283
303,death,301
304,death,1512
305,death,279
306,death,296
307,death,1134
308,death,723
309,death,691
310,death,302
311,death,832
312,death,296
313,death,294
314,death,1138
315,death,724
316,death,312
317,death,700
318,death,689
319,death,298
320,death,679
321,death,697
322,death,313
323,death,1122
324,death,723
325,death,1126
326,death,822
327,death,1426
328,death,723
329,death,312
330,death,1408
331,death,287
332,death,695
333,death,285
334,death,308
335,death,302
336,death,2012
337,death,314
338,death,684
339,death,289
340,death,899
341,death,1647
342,death,296
343,death,1138
344,death,899
345,death,1441
346,death,675
347,death,273
348,death,1126
349,death,301
350,death,252
351,death,1124
352,death,690
353,death,682
354,death,681
355,death,661
356,death,272
357,death,847
358,death,723
359,death,723
360,death,692
361,death,1130
362,death,296
363,death,287
364,death,277
365,death,687
366,death,300
367,death,684
368,death,804
369,death,708
370,death,295
371,death,817
372,death,2468
373,death,898
374,death,723
375,death,1233
376,death,298
377,death,686
378,death,696
379,death,690
380,death,298
381,death,703
382,death,865
383,death,680
384,death,294
385,death,287
386,death,710
387,death,1784
388,death,863
389,death,311
390,death,294
391,death,702
392,death,686
393,death,1140
394,death,301
395,death,899
396,death,313
397,death,676
398,death,292
399,death,696
400,death,1128
401,death,1136
402,death,693
403,death,683
404,death,722
405,death,899
406,death,687
407,death,724
408,death,700
409,death,285
410,death,1128
411,death,314
412,death,307
413,death,689
414,death,313
415,death,309
416,death,1438
417,death,1410
418,death,707
419,death,689
420,death,699
421,death,306
422,death,302
423,death,291
424,death,683
425,death,285
426,death,275
427,death,663
428,death,724
429,death,843
430,death,310
431,death,310
432,death,1524
433,death,311
434,death,899
435,death,1138
436,death,826
437,death,1232
438,death,831
439,death,298
440,death,1125
441,death,861
442,death,301
443,death,1121
444,death,707
445,death,1524
446,death,691
447,death,1437
448,death,689
449,death,828
450,death,683
451,death,292
452,death,273
453,death,702
454,death,1130
455,death,1129
456,death,710
457,death,690
458,death,662
459,death,1136
460,death,298
461,death,284
462,death,290
463,death,723
464,death,835
465,death,301
466,death,1405
467,death,815
468,death,1136
469,death,293
470,death,1128
471,death,709
472,death,299
473,death,696
474,death,671
475,death,799
476,death,302
477,death,290
478,death,707
479,death,301
480,death,294
481,death,294
482,death,275
483,death,310
484,death,722
485,death,707
486,death,288
487,death,1222
488,death,1138
489,death,676
490,death,899
491,death,1141
492,death,705
493,death,1129
494,death,712
495,death,900
496,death,689
497,death,1523
498,death,291
499,death,302
500,death,315
501,death,310
502,death,679
503,death,288
504,death,681
505,death,711
506,death,295
507,death,851
508,death,1407
509,death,823
510,death,687
511,death,305
512,death,297
513,death,1140
514,death,312
515,death,674
516,death,661
517,death,305
518,death,695
519,death,898
520,death,304
521,death,678
522,death,690
523,death,692
524,death,305
525,death,292
526,death,723
527,death,672
528,death,829
529,death,270
530,death,682
531,death,1525
532,death,668
533,death,301
534,death,691
535,death,291
536,death,1434
537,death,278
538,death,1137
539,death,1151
540,death,1133
541,death,699
542,death,298
543,death,686
544,death,1524
545,death,312
546,death,308
547,death,291
548,death,1127
549,death,691
550,death,290
551,death,292
552,death,295
553,death,722
554,death,1135
555,death,301
556,death,709
557,death,299
558,death,691
559,death,295
560,death,1670
561,death,701
562,death,702
563,death,301
564,death,310
565,death,300
566,death,681
567,death,1129
568,death,675
569,death,296
570,death,1126
571,death,300
572,death,865
573,death,691
574,death,899
575,death,312
576,death,695
577,death,722
578,death,306
579,death,687
580,death,293
581,death,1129
582,death,291
583,death,1129
584,death,308
585,death,282
586,death,1422
587,death,723
588,death,686
589,death,1123
590,death,723
591,death,1127
592,death,663
593,death,681
594,death,1411
595,death,697
596,death,722
597,death,832
598,death,723
599,death,1404
600,death,290
601,death,309
602,death,1790
603,death,1138
604,death,704
605,death,299
606,death,282
607,death,275
608,death,316
609,death,307
610,death,1130
611,death,697
612,death,280
613,death,671
614,death,853
615,death,1426
616,death,1241
617,death,1129
618,death,702
619,death,669
620,death,898
621,death,293
622,death,299
623,death,312
624,death,309
625,death,693
626,death,1232
627,death,1520
628,death,723
629,death,1152
630,death,712
631,death,1419
632,death,663
633,death,287
634,death,685
635,death,288
636,death,305
637,death,285
638,death,310
639,death,272
640,death,706
641,death,687
642,death,275
643,death,692
644,death,695
645,death,696
646,death,900
647,death,1410
648,death,1139
649,death,302
650,death,298
651,death,312
652,death,288
653,death,304
654,death,312
655,death,696
656,death,692
657,death,680
658,death,683
659,death,294
660,death,708
661,death,1402
662,death,310
663,death,899
664,death,266
665,death,674
666,death,297
667,death,702
668,death,310
669,death,1122
670,death,313
671,death,682
672,death,703
673,death,688
674,death,303
675,death,1238
676,death,685
677,death,299
678,death,1125
679,death,314
680,death,1232
681,death,854
682,death,684
683,death,683
684,death,699
685,death,285
686,death,1138
687,death,292
688,death,310
689,death,283
690,death,302
691,death,1667
692,death,269
693,death,1666
694,death,691
695,death,660
696,death,1652
697,death,295
698,death,867
699,death,245
700,death,246
701,death,311
702,death,899
703,death,302
704,death,296
705,death,309
706,death,702
707,death,1131
708,death,700
709,death,704
710,death,309
711,death,278
712,death,314
713,death,300
714,death,1512
715,death,288
716,death,1410
717,death,694
718,death,294
719,death,311
720,death,694
721,death,678
722,death,314
723,death,828
724,death,899
725,death,1434
726,death,1233
727,death,312
728,death,308
729,death,1784
730,death,684
731,death,724
732,death,308
733,death,708
734,death,304
735,death,281
736,death,869
737,death,314
738,death,1408
739,death,293
740,death,696
741,death,292
742,death,701
743,death,282
744,death,267
745,death,295
746,death,292
747,death,690
748,death,311
749,death,302
750,death,816
751,death,683
752,death,308
753,death,305
754,death,314
755,death,723
756,death,702
757,death,687
758,death,1414
759,death,693
760,death,725
761,death,302
762,death,1127
763,death,723
764,death,851
765,death,689
766,death,694
767,death,286
768,death,898
769,death,297
770,death,256
771,death,703
772,death,1403
773,death,723
774,death,297
775,death,309
776,death,293
777,death,695
778,death,1129
779,death,680
780,death,268
781,death,299
782,death,1412
783,death,709
784,death,1138
785,death,314
786,death,306
787,death,294
788,death,1125
789,death,309
790,death,245
791,death,302
792,death,1127
793,death,293
794,death,307
795,death,723
796,death,1516
797,death,1215
798,death,312
799,death,1124
800,death,1123
801,death,297
802,death,812
803,death,277
804,death,674
805,death,1131
806,death,305
807,death,302
808,death,1147
809,death,297
810,death,282
811,death,1495
812,death,723
813,death,697
814,death,301
815,death,832
816,death,1229
817,death,288
818,death,280
819,death,847
820,death,1138
821,death,703
822,death,707
823,death,1518
824,death,272
825,death,900
826,death,810
827,death,1129
828,death,704
829,death,680
830,death,295
831,death,296
832,death,705
833,death,1123
834,death,264
835,death,289
836,death,1135
837,death,1413
838,death,304
839,death,275
840,death,306
841,death,1236
842,death,1134
843,death,1433
844,death,692
845,death,283
846,death,697
847,death,302
848,death,1126
849,death,899
850,death,723
851,death,705
852,death,295
853,death,293
854,death,293
855,death,689
856,death,703
857,death,1421
858,death,1783
859,death,725
860,death,1127
861,death,281
862,death,289
863,death,1233
864,death,1424
865,death,288
866,death,1228
867,death,1409
868,death,1436
869,death,313
870,death,1507
871,death,309
872,death,1149
873,death,306
874,death,311
875,death,701
876,death,680
877,death,266
878,death,308
879,death,268
880,death,899
881,death,310
882,death,1424
883,death,1134
884,death,844
885,death,1122
886,death,302
887,death,723
888,death,1667
889,death,722
890,death,1122
891,death,292
892,death,314
893,death,305
894,death,274
895,death,290
896,death,692
897,death,1129
898,death,306
899,death,702
900,death,308
901,death,291
902,death,699
903,death,898
904,death,301
905,death,281
906,death,846
907,death,303
908,death,688
909,death,1519
910,death,851
911,death,1124
912,death,675
913,death,682
914,death,703
915,death,1415
916,death,1124
917,death,698
918,death,839
919,death,706
920,death,296
921,death,1128
922,death,303
923,death,694
924,death,815
925,death,1411
926,death,1422
927,death,293
928,death,295
929,death,1124
930,death,724
931,death,714
932,death,1226
933,death,696
934,death,797
935,death,290
936,death,706
937,death,301
938,death,1415
939,death,693
940,death,864
941,death,306
942,death,808
943,death,1438
944,death,1126
945,death,303
946,death,308
947,death,697
948,death,312
949,death,688
950,death,1407
951,death,267
952,death,709
953,death,1138
954,death,723
955,death,301
956,death,667
957,death,1501
958,death,711
959,death,302
960,death,694
961,death,274
962,death,279
963,death,691
964,death,305
965,death,807
966,death,704
967,death,691
968,death,659
969,death,262
970,death,308
971,death,1127
972,death,298
973,death,845
974,death,306
975,death,262
976,death,1129
977,death,291
978,death,658
979,death,870
980,death,292
981,death,702
982,death,791
983,death,299
984,death,673
985,death,1128
986,death,296
987,death,1125
988,death,268
989,death,697
990,death,286
991,death,1137
992,death,304
993,death,310
994,death,277
995,death,722
996,death,900
997,death,899
998,death,723
999,death,723
1000,death,303
1001,death,1126
1002,death,723
1003,death,298
1004,death,293
1005,death,309
1006,death,694
1007,death,290
1008,death,1132
1009,death,723
1010,death,685
1011,death,678
1012,death,283
1013,death,696
1014,death,671
1015,death,305
1016,death,837
1017,death,1222
1018,death,1789
1019,death,691
1020,death,722
1021,death,1432
1022,death,703
1023,death,676
1024,death,862
1025,death,304
1026,death,1136
1027,death,1129
1028,death,1124
1029,death,696
1030,death,704
1031,death,713
1032,death,698
1033,death,298
1034,death,1421
1035,death,1127
1036,death,825
1037,death,304
1038,death,1125
1039,death,303
1040,death,673
1041,death,710
1042,death,307
1043,death,308
1044,death,701
1045,death,1412
1046,death,1519
1047,death,670
1048,death,691
1049,death,277
1050,death,280
1051,death,290
1052,death,723
1053,death,898
1054,death,288
1055,death,306
1056,death,1125
1057,death,293
1058,death,302
1059,death,830
1060,death,1128
1061,death,298
1062,death,674
1063,death,295
1064,death,812
1065,death,307
1066,death,1410
1067,death,722
1068,death,701
1069,death,1236
1070,death,285
1071,death,1261
1072,death,282
1073,death,685
1074,death,832
1075,death,303
1076,death,294
1077,death,679
1078,death,673
1079,death,270
1080,death,685
1081,death,686
1082,death,261
1083,death,274
1084,death,723
1085,death,1126
1086,death,310
1087,death,690
1088,death,1514
1089,death,1123
1090,death,1136
1091,death,301
1092,death,700
1093,death,1129
1094,death,306
1095,death,1140
1096,death,1124
1097,death,680
1098,death,811
1099,death,1123
1100,death,705
1101,death,1136
1102,death,685
1103,death,1127
1104,death,667
1105,death,285
1106,death,697
1107,death,287
1108,death,708
1109,death,1225
1110,death,313
1111,death,310
1112,death,273
1113,death,711
1114,death,297
1115,death,689
1116,death,689
1117,death,705
1118,death,308
1119,death,685
1120,death,310
1121,death,1123
1122,death,1139
1123,death,690
1124,death,308
1125,death,312
1126,death,1780
1127,death,290
1128,death,663
1129,death,708
1130,death,833
1131,death,672
1132,death,899
1133,death,298
1134,death,794
1135,death,723
1136,death,1236
1137,death,693
1138,death,697
1139,death,1127
1140,death,695
1141,death,694
1142,death,1407
1143,death,899
1144,death,287
1145,death,683
1146,death,269
1147,death,296
1148,death,280
1149,death,1412
1150,death,283
1151,death,295
1152,death,693
1153,death,297
1154,death,293
1155,death,308
1156,death,707
1157,death,700
1158,death,312
1159,death,710
1160,death,308
1161,death,1128
1162,death,1126
1163,death,688
1164,death,691
1165,death,670
1166,death,702
1167,death,1397
1168,death,309
1169,death,298
1170,death,681
1171,death,296
1172,death,842
1173,death,691
1174,death,1126
1175,death,306
1176,death,702
1177,death,301
1178,death,269
1179,death,306
1180,death,303
1181,death,722
1182,death,698
1183,death,724
1184,death,668
1185,death,689
1186,death,295
1187,death,841
1188,death,313
1189,death,694
1190,death,311
1191,death,1130
1192,death,1518
1193,death,708
1194,death,838
1195,death,711
1196,death,309
1197,death,307
1198,death,295
1199,death,899
1200,death,281
1201,death,678
1202,death,702
1203,death,689
1204,death,681
1205,death,1128
1206,death,306
1207,death,706
1208,death,298
1209,death,1128
1210,death,295
1211,death,722
1212,death,299
1213,death,1417
1214,death,691
1215,death,295
1216,death,313
1217,death,288
1218,death,832
1219,death,689
1220,death,684
1221,death,1128
1222,death,275
1223,death,296
1224,death,312
1225,death,282
1226,death,307
1227,death,271
1228,death,681
1229,death,677
1230,death,677
1231,death,307
1232,death,850
1233,death,296
1234,death,686
1235,death,710
1236,death,280
1237,death,899
1238,death,1410
1239,death,843
1240,death,301
1241,death,298
1242,death,1124
1243,death,703
1244,death,265
1245,death,297
1246,death,686
1247,death,303
1248,death,838
1249,death,691
1250,death,859
1251,death,291
1252,death,1416
1253,death,302
1254,death,1233
1255,death,316
1256,death,312
1257,death,1137
1258,death,713
1259,death,307
1260,death,1418
1261,death,306
1262,death,1431
1263,death,274
1264,death,1138
1265,death,298
1266,death,851
1267,death,315
1268,death,703
1269,death,705
1270,death,296
1271,death,834
1272,death,290
1273,death,1128
1274,death,1414
1275,death,689
1276,death,288
1277,death,701
1278,death,707
1279,death,688
1280,death,288
1281,death,689
1282,death,1435
1283,death,695
1284,death,297
1285,death,680
1286,death,1426
1287,death,696
1288,death,900
1289,death,299
1290,death,1519
1291,death,1138
1292,death,694
1293,death,1440
1294,death,311
1295,death,1408
1296,death,1125
1297,death,1420
1298,death,1125
1299,death,277
1300,death,1439
1301,death,793
1302,death,290
1303,death,300
1304,death,1127
1305,death,703
1306,death,307
1307,death,842
1308,death,693
1309,death,678
1310,death,289
1311,death,302
1312,death,709
1313,death,309
1314,death,302
1315,death,299
1316,death,307
1317,death,821
1318,death,683
1319,death,289
1320,death,1521
1321,death,1442
1322,death,303
1323,death,1124
1324,death,248
1325,death,700
1326,death,1426
1327,death,276
1328,death,275
1329,death,1431
1330,death,276
1331,death,283
1332,death,310
1333,death,279
1334,death,663
1335,death,284
1336,death,1125
1337,death,1230
1338,death,700
1339,death,292
1340,death,900
1341,death,1781
1342,death,1238
1343,death,293
1344,death,898
1345,death,277
1346,death,1138
1347,death,304
1348,death,306
1349,death,1527
1350,death,681
1351,death,302
1352,death,1408
1353,death,1498
1354,death,285
1355,death,815
1356,death,899
1357,death,690
1358,death,290
1359,death,301
1360,death,1535
1361,death,1427
1362,death,813
1363,death,1416
1364,death,287
1365,death,679
1366,death,810
1367,death,830
1368,death,1125
1369,death,1151
1370,death,1120
1371,death,310
1372,death,1427
1373,death,283
1374,death,700
1375,death,1107
1376,death,692
1377,death,311
1378,death,290
1379,death,1127
1380,death,295
1381,death,682
1382,death,698
1383,death,309
1384,death,301
1385,death,1194
1386,death,1139
1387,death,288
1388,death,296
1389,death,303
1390,death,1133
1391,death,837
1392,death,1137
1393,death,1136
1394,death,1129
1395,death,1224
1396,death,857
1397,death,1419
1398,death,691
1399,death,821
1400,death,900
1401,death,1120
1402,death,698
1403,death,680
1404,death,308
1405,death,696
1406,death,285
1407,death,1123
1408,death,1136
1409,death,298
1410,death,266
1411,death,1430
1412,death,823
1413,death,1787
1414,death,1417
1415,death,1219
1416,death,295
1417,death,1413
1418,death,293
1419,death,1128
1420,death,303
1421,death,838
1422,death,1128
1423,death,680
1424,death,298
1425,death,313
1426,death,666
1427,death,288
1428,death,681
1429,death,1126
1430,death,709
1431,death,262
1432,death,723
1433,death,668
1434,death,301
1435,death,311
1436,death,311
1437,death,1123
1438,death,700
1439,death,294
1440,death,827
1441,death,309
1442,death,282
1443,death,708
1444,death,663
1445,death,723
1446,death,293
1447,death,806
1448,death,689
1449,death,289
1450,death,1136
1451,death,284
1452,death,693
1453,death,1402
1454,death,296
1455,death,1138
1456,death,297
1457,death,684
1458,death,286
1459,death,312
1460,death,706
1461,death,300
1462,death,308
1463,death,686
1464,death,1132
1465,death,291
1466,death,309
1467,death,296
1468,death,707
1469,death,1409
1470,death,1128
1471,death,311
1472,death,694
1473,death,699
1474,death,311
1475,death,312
1476,death,1127
1477,death,298
1478,death,292
1479,death,1134
1480,death,303
1481,death,287
1482,death,1434
1483,death,666
1484,death,692
1485,death,697
1486,death,1241
1487,death,804
1488,death,686
1489,death,1663
1490,death,700
1491,death,284
1492,death,272
1493,death,293
1494,death,295
1495,death,304
1496,death,723
1497,death,1435
1498,death,311
1499,death,1436
1500,death,312
1501,death,302
1502,death,1435
1503,death,698
1504,death,686
1505,death,816
1506,death,310
1507,death,680
1508,death,1434
1509,death,691
1510,death,1128
1511,death,709
1512,death,801
1513,death,305
1514,death,709
1515,death,1234
1516,death,303
1517,death,706
1518,death,834
1519,death,857
1520,death,310
1521,death,304
1522,death,283
1523,death,314
1524,death,712
1525,death,300
1526,death,281
1527,death,1411
1528,death,306
1529,death,266
1530,death,907
1531,death,840
1532,death,839
1533,death,712
1534,death,723
1535,death,855
1536,death,689
1537,death,682
1538,death,856
1539,death,298
1540,death,1125
1541,death,682
1542,death,277
1543,death,695
1544,death,303
1545,death,1130
1546,death,833
1547,death,688
1548,death,1519
1549,death,1514
1550,death,274
1551,death,298
1552,death,1415
1553,death,276
1554,death,291
1555,death,1155
1556,death,667
1557,death,698
1558,death,267
1559,death,723
1560,death,1403
1561,death,314
1562,death,679
1563,death,304
1564,death,700
1565,death,687
1566,death,701
1567,death,1411
1568,death,835
1569,death,291
1570,death,1638
1571,death,1409
1572,death,710
1573,death,693
1574,death,683
1575,death,681
1576,death,694
1577,death,697
1578,death,860
1579,death,287
1580,death,314
1581,death,299
1582,death,708
1583,death,308
1584,death,899
1585,death,678
1586,death,722
1587,death,685
1588,death,840
1589,death,868
1590,death,302
1591,death,685
1592,death,307
1593,death,1152
1594,death,1783
1595,death,696
1596,death,1128
1597,death,1153
1598,death,692
1599,death,301
1600,death,723
1601,death,309
1602,death,722
1603,death,1436
1604,death,309
1605,death,1128
1606,death,693
1607,death,684
1608,death,1124
1609,death,1140
1610,death,309
1611,death,708
1612,death,302
1613,death,695
1614,death,700
1615,death,315
1616,death,798
1617,death,266
1618,death,683
1619,death,691
1620,death,307
1621,death,1434
1622,death,704
1623,death,305
1624,death,300
1625,death,305
1626,death,312
1627,death,298
1628,death,1125
1629,death,683
1630,death,812
1631,death,299
1632,death,308
1633,death,1436
1634,death,684
1635,death,1424
1636,death,682
1637,death,303
1638,death,899
1639,death,690
1640,death,724
1641,death,1666
1642,death,697
1643,death,311
1644,death,286
1645,death,312
1646,death,296
1647,death,302
1648,death,703
1649,death,703
1650,death,310
1651,death,310
1652,death,1442
1653,death,298
1654,death,697
1655,death,898
1656,death,684
1657,death,704
1658,death,693
1659,death,722
1660,death,691
1661,death,723
1662,death,847
1663,death,273
1664,death,1129
1665,death,1127
1666,death,677
1667,death,292
1668,death,1128
1669,death,708
1670,death,703
1671,death,1433
1672,death,812
1673,death,1149
1674,death,1124
1675,death,296
1676,death,898
1677,death,679
1678,death,297
1679,death,307
1680,death,829
1681,death,1420
1682,death,257
1683,death,302
1684,death,309
1685,death,311
1686,death,694
1687,death,304
1688,death,1519
1689,death,1408
1690,death,1434
1691,death,1139
1692,death,898
1693,death,722
1694,death,2471
1695,death,842
1696,death,683
1697,death,899
1698,death,1411
1699,death,723
1700,death,1132
1701,death,695
1702,death,299
1703,death,286
1704,death,301
1705,death,287
1706,death,286
1707,death,311
1708,death,682
1709,death,705
1710,death,290
1711,death,286
1712,death,724
1713,death,709
1714,death,900
1715,death,837
1716,death,690
1717,death,679
1718,death,899
1719,death,1129
1720,death,1127
1721,death,827
1722,death,700
1723,death,674
1724,death,798
1725,death,1124
1726,death,1125
1727,death,1232
1728,death,844
1729,death,298
1730,death,307
1731,death,1669
1732,death,679
1733,death,724
1734,death,899
1735,death,305
1736,death,295
1737,death,1427
1738,death,711
1739,death,312
1740,death,1788
1741,death,838
1742,death,307
1743,death,825
1744,death,711
1745,death,1138
1746,death,863
1747,death,306
1748,death,688
1749,death,831
1750,death,682
1751,death,300
1752,death,690
1753,death,305
1754,death,1129
1755,death,292
1756,death,1443
1757,death,1127
1758,death,1128
1759,death,1127
1760,death,1232
1761,death,705
1762,death,272
1763,death,306
1764,death,301
1765,death,274
1766,death,817
1767,death,303
1768,death,1410
1769,death,683
1770,death,845
1771,death,313
1772,death,810
1773,death,1233
1774,death,813
1775,death,707
1776,death,308
1777,death,689
1778,death,686
1779,death,1125
1780,death,829
1781,death,1136
1782,death,677
1783,death,285
1784,death,1151
1785,death,295
1786,death,309
1787,death,303
1788,death,702
1789,death,1127
1790,death,723
1791,death,1123
1792,death,680
1793,death,1126
1794,death,672
1795,death,696
1796,death,1127
1797,death,686
1798,death,303
1799,death,686
1800,death,299
1801,death,898
1802,death,313
1803,death,686
1804,death,1123
1805,death,312
1806,death,314
1807,death,684
1808,death,1126
1809,death,1130
1810,death,685
1811,death,290
1812,death,1235
1813,death,706
1814,death,311
1815,death,1121
1816,death,306
1817,death,299
1818,death,1125
1819,death,685
1820,death,1391
1821,death,698
1822,death,301
1823,death,668
1824,death,1223
1825,death,304
1826,death,304
1827,death,705
1828,death,272
1829,death,672
1830,death,292
1831,death,693
1832,death,684
1833,death,291
1834,death,685
1835,death,687
1836,death,301
1837,death,298
1838,death,311
1839,death,673
1840,death,1432
1841,death,308
1842,death,298
1843,death,679
1844,death,839
1845,death,824
1846,death,313
1847,death,289
1848,death,300
1849,death,290
1850,death,314
1851,death,833
1852,death,845
1853,death,899
1854,death,302
1855,death,680
1856,death,723
1857,death,310
1858,death,308
1859,death,1127
1860,death,292
1861,death,308
1862,death,1125
1863,death,303
1864,death,862
1865,death,292
1866,death,821
1867,death,287
1868,death,1124
1869,death,680
1870,death,1240
1871,death,709
1872,death,885
1873,death,816
1874,death,308
1875,death,677
1876,death,848
1877,death,301
1878,death,312
1879,death,1132
1880,death,303
1881,death,701
1882,death,670
1883,death,305
1884,death,1130
1885,death,313
1886,death,311
1887,death,677
1888,death,808
1889,death,722
1890,death,1423
1891,death,312
1892,death,300
1893,death,1222
1894,death,1125
1895,death,899
1896,death,297
1897,death,724
1898,death,692
1899,death,678
1900,death,1134
1901,death,1401
1902,death,309
1903,death,284
1904,death,703
1905,death,297
1906,death,293
1907,death,815
1908,death,900
1909,death,690
1910,death,303
1911,death,282
1912,death,300
1913,death,308
1914,death,723
1915,death,854
1916,death,711
1917,death,307
1918,death,692
1919,death,301
1920,death,687
1921,death,1120
1922,death,300
1923,death,1137
1924,death,1243
1925,death,784
1926,death,1137
1927,death,1125
1928,death,1151
1929,death,1663
1930,death,297
1931,death,706
1932,death,1131
1933,death,313
1934,death,704
1935,death,678
1936,death,1410
1937,death,1216
1938,death,266
1939,death,670
1940,death,686
1941,death,1122
1942,death,696
1943,death,1504
1944,death,1126
1945,death,314
1946,death,710
1947,death,1435
1948,death,311
1949,death,817
1950,death,864
1951,death,290
1952,death,309
1953,death,881
1954,death,828
1955,death,688
1956,death,695
1957,death,299
1958,death,301
1959,death,311
1960,death,1127
1961,death,286
1962,death,1149
1963,death,306
1964,death,900
1965,death,309
1966,death,312
1967,death,690
1968,death,296
1969,death,308
1970,death,314
1971,death,803
1972,death,825
1973,death,830
1974,death,696
1975,death,292
1976,death,1522
1977,death,298
1978,death,723
1979,death,707
1980,death,300
1981,death,803
1982,death,293
1983,death,846
1984,death,723
1985,death,702
1986,death,701
1987,death,699
1988,death,276
1989,death,1126
1990,death,292
1991,death,848
1992,death,660
1993,death,1780
1994,death,1125
1995,death,698
1996,death,679
1997,death,292
1998,death,711
1999,death,832
2000,death,881
2001,death,690
2002,death,1132
2003,death,684
2004,death,1123
2005,death,674
2006,death,723
2007,death,299
2008,death,1495
2009,death,290
2010,death,306
2011,death,684
2012,death,303
2013,death,675
2014,death,1219
2015,death,685
2016,death,273
2017,death,662
2018,death,1126
2019,death,302
2020,death,306
2021,death,703
2022,death,310
2023,death,307
2024,death,670
2025,death,701
2026,death,311
2027,death,723
2028,death,289
2029,death,699
2030,death,678
2031,death,303
2032,death,299
2033,death,692
2034,death,702
2035,death,265
2036,death,868
2037,death,287
2038,death,294
2039,death,1139
2040,death,1126
2041,death,674
2042,death,688
2043,death,698
2044,death,709
2045,death,305
2046,death,899
2047,death,1125
2048,death,695
2049,death,289
2050,death,314
2051,death,302
2052,death,898
2053,death,1434
2054,death,1124
2055,death,306
2056,death,260
2057,death,307
2058,death,702
2059,death,690
2060,death,304
2061,death,298
2062,death,667
2063,death,723
2064,death,700
2065,death,305
2066,death,1122
2067,death,294
2068,death,683
2069,death,899
2070,death,304
2071,death,1422
2072,death,286
2073,death,285
2074,death,694
2075,death,315
2076,death,845
2077,death,283
2078,death,845
2079,death,313
2080,death,686
2081,death,305
2082,death,312
2083,death,298
2084,death,675
2085,death,302
2086,death,1410
2087,death,301
2088,death,1137
2089,death,289
2090,death,272
2091,death,290
2092,death,694
2093,death,293
2094,death,1138
2095,death,306
2096,death,1123
2097,death,701
2098,death,310
2099,death,853
2100,death,723
2101,death,294
2102,death,706
2103,death,296
2104,death,676
2105,death,291
2106,death,284
2107,death,1414
2108,death,722
2109,death,695
2110,death,899
2111,death,303
2112,death,272
2113,death,306
2114,death,311
2115,death,724
2116,death,1122
2117,death,684
2118,death,307
2119,death,305
2120,death,723
2121,death,683
2122,death,1433
2123,death,677
2124,death,299
2125,death,711
2126,death,309
2127,death,303
2128,death,1510
2129,death,723
2130,death,1133
2131,death,708
2132,death,809
2133,death,305
2134,death,283
2135,death,679
2136,death,1128
2137,death,722
2138,death,307
2139,death,313
2140,death,693
2141,death,868
2142,death,707
2143,death,298
2144,death,691
2145,death,692
2146,death,667
2147,death,295
2148,death,302
2149,death,1128
2150,death,696
2151,death,297
2152,death,286
2153,death,1130
2154,death,303
2155,death,898
2156,death,706
2157,death,1125
2158,death,677
2159,death,300
2160,death,258
2161,death,297
2162,death,722
2163,death,300
2164,death,685
2165,death,314
2166,death,1259
2167,death,669
2168,death,301
2169,death,686
2170,death,306
2171,death,1123
2172,death,306
2173,death,298
2174,death,1153
2175,death,1132
2176,death,656
2177,death,679
2178,death,699
2179,death,295
2180,death,1130
2181,death,293
2182,death,1137
2183,death,310
2184,death,299
2185,death,684
2186,death,696
2187,death,702
2188,death,290
2189,death,303
2190,death,690
2191,death,700
2192,death,295
2193,death,1519
2194,death,297
2195,death,299
2196,death,708
2197,death,669
2198,death,1133
2199,death,722
2200,death,293
2201,death,304
2202,death,700
2203,death,1127
2204,death,276
2205,death,822
2206,death,696
2207,death,724
2208,death,291
2209,death,682
2210,death,901
2211,death,314
2212,death,899
2213,death,1133
2214,death,291
2215,death,306
2216,death,304
2217,death,295
2218,death,704
2219,death,302
2220,death,863
2221,death,261
2222,death,290
2223,death,269
2224,death,703
2225,death,705
2226,death,679
2227,death,273
2228,death,1122
2229,death,311
2230,death,303
2231,death,899
2232,death,691
2233,death,826
2234,death,270
2235,death,1232
2236,death,306
2237,death,710
2238,death,310
2239,death,673
2240,death,304
2241,death,685
2242,death,1122
2243,death,1153
2244,death,312
2245,death,308
2246,death,708
2247,death,298
2248,death,265
2249,death,881
2250,death,301
2251,death,691
2252,death,683
2253,death,1128
2254,death,723
2255,death,300
2256,death,691
2257,death,314
2258,death,304
2259,death,690
2260,death,1434
2261,death,696
2262,death,1525
2263,death,1128
2264,death,1778
2265,death,899
2266,death,1136
2267,death,1136
2268,death,680
2269,death,1127
2270,death,293
2271,death,1418
2272,death,289
2273,death,851
2274,death,839
2275,death,279
2276,death,294
2277,death,685
2278,death,1137
2279,death,849
2280,death,850
2281,death,1522
2282,death,310
2283,death,304
2284,death,1123
2285,death,839
2286,death,299
2287,death,2748
2288,death,298
2289,death,1127
2290,death,688
2291,death,694
2292,death,301
2293,death,835
2294,death,292
2295,death,306
2296,death,703
2297,death,697
2298,death,300
2299,death,299
2300,death,1126
2301,death,298
2302,death,696
2303,death,686
2304,death,253
2305,death,280
2306,death,313
2307,death,708
2308,death,700
2309,death,687
2310,death,295
2311,death,1409
2312,death,309
2313,death,290
2314,death,282
2315,death,300
2316,death,699
2317,death,704
2318,death,1122
2319,death,287
2320,death,305
2321,death,311
2322,death,294
2323,death,703
2324,death,308
2325,death,1133
2326,death,304
2327,death,865
2328,death,311
2329,death,294
2330,death,280
2331,death,305
2332,death,724
2333,death,286
2334,death,680
2335,death,1130
2336,death,310
2337,death,672
2338,death,297
2339,death,870
2340,death,696
2341,death,1129
2342,death,853
2343,death,283
2344,death,306
2345,death,699
2346,death,313
2347,death,823
2348,death,724
2349,death,301
2350,death,272
2351,death,723
2352,death,1127
2353,death,848
2354,death,705
2355,death,1245
2356,death,1129
2357,death,899
2358,death,1227
2359,death,1425
2360,death,257
2361,death,679
2362,death,1429
2363,death,295
2364,death,1408
2365,death,1426
2366,death,705
2367,death,675
2368,death,832
2369,death,870
2370,death,305
2371,death,693
2372,death,305
2373,death,285
2374,death,694
2375,death,680
2376,death,291
2377,death,704
2378,death,1138
2379,death,1412
2380,death,303
2381,death,722
2382,death,304
2383,death,300
2384,death,723
2385,death,689
2386,death,1658
2387,death,900
2388,death,1124
2389,death,899
2390,death,305
2391,death,283
2392,death,1140
2393,death,274
2394,death,298
2395,death,1123
2396,death,280
2397,death,833
2398,death,801
2399,death,723
2400,death,672
2401,death,799
2402,death,308
2403,death,304
2404,death,661
2405,death,1414
2406,death,691
2407,death,1431
2408,death,1135
2409,death,294
2410,death,1412
2411,death,310
2412,death,698
2413,death,1222
2414,death,304
2415,death,722
2416,death,303
2417,death,296
2418,death,700
2419,death,1229
2420,death,312
2421,death,304
2422,death,693
2423,death,303
2424,death,300
2425,death,708
2426,death,1429
2427,death,302
2428,death,298
2429,death,1209
2430,death,309
2431,death,664
2432,death,1510
2433,death,704
2434,death,693
2435,death,1129
2436,death,1957
2437,death,688
2438,death,267
2439,death,310
2440,death,669
2441,death,298
2442,death,710
2443,death,1125
2444,death,806
2445,death,299
2446,death,690
2447,death,702
2448,death,295
2449,death,899
2450,death,295
2451,death,850
2452,death,1940
2453,death,293
2454,death,299
2455,death,307
2456,death,304
2457,death,310
2458,death,898
2459,death,1131
2460,death,314
2461,death,689
2462,death,682
2463,death,818
2464,death,1133
2465,death,1137
2466,death,834
2467,death,292
2468,death,286
2469,death,692
2470,death,1122
2471,death,300
2472,death,309
2473,death,856
2474,death,682
2475,death,249
2476,death,277
2477,death,1408
2478,death,271
2479,death,686
2480,death,815
2481,death,1400
2482,death,297
2483,death,1427
2484,death,245
2485,death,1138
2486,death,295
2487,death,283
2488,death,682
2489,death,299
2490,death,1128
2491,death,1416
2492,death,304
2493,death,288
2494,death,304
2495,death,830
2496,death,289
2497,death,310
2498,death,302
2499,death,305
2500,death,1138
2501,death,2470
2502,death,314
2503,death,1125
2504,death,312
2505,death,661
2506,death,307
2507,death,1132
2508,death,276
2509,death,859
2510,death,313
2511,death,686
2512,death,699
2513,death,1124
2514,death,696
2515,death,684
2516,death,681
2517,death,702
2518,death,848
2519,death,1435
2520,death,302
2521,death,679
2522,death,678
2523,death,1435
2524,death,654
2525,death,1124
2526,death,674
2527,death,276
2528,death,685
2529,death,677
2530,death,305
2531,death,899
2532,death,695
2533,death,311
2534,death,287
2535,death,707
2536,death,804
2537,death,707
2538,death,315
2539,death,723
2540,death,298
2541,death,1407
2542,death,297
2543,death,292
2544,death,296
2545,death,307
2546,death,710
2547,death,695
2548,death,309
2549,death,798
2550,death,712
2551,death,688
2552,death,706
2553,death,308
2554,death,694
2555,death,688
2556,death,690
2557,death,300
2558,death,1126
2559,death,682
2560,death,1424
2561,death,675
2562,death,306
2563,death,683
2564,death,1512
2565,death,290
2566,death,698
2567,death,298
2568,death,1122
2569,death,1417
2570,death,1153
2571,death,308
2572,death,820
2573,death,1136
2574,death,724
2575,death,695
2576,death,299
2577,death,309
2578,death,834
2579,death,1123
2580,death,2753
2581,death,283
2582,death,280
2583,death,1437
2584,death,1135
2585,death,1137
2586,death,309
2587,death,311
2588,death,704
2589,death,680
2590,death,849
2591,death,303
2592,death,1128
2593,death,307
2594,death,679
2595,death,307
2596,death,302
2597,death,285
2598,death,1412
2599,death,699
2600,death,284
2601,death,288
2602,death,304
2603,death,1126
2604,death,826
2605,death,1433
2606,death,1432
2607,death,686
2608,death,1517
2609,death,1415
2610,death,296
2611,death,680
2612,death,1427
2613,death,712
2614,death,1127
2615,death,1126
2616,death,853
2617,death,313
2618,death,315
2619,death,842
2620,death,307
2621,death,695
2622,death,1433
2623,death,1242
2624,death,691
2625,death,807
2626,death,300
2627,death,1792
2628,death,314
2629,death,696
2630,death,1224
2631,death,300
2632,death,311
2633,death,1656
2634,death,276
2635,death,288
2636,death,1196
2637,death,302
2638,death,300
2639,death,281
2640,death,712
2641,death,1128
2642,death,812
2643,death,900
2644,death,1134
2645,death,1415
2646,death,706
2647,death,708
2648,death,690
2649,death,311
2650,death,700
2651,death,1420
2652,death,300
2653,death,676
2654,death,722
2655,death,690
2656,death,1412
2657,death,899
2658,death,1129
2659,death,899
2660,death,306
2661,death,811
2662,death,293
2663,death,277
2664,death,685
2665,death,869
2666,death,253
2667,death,284
2668,death,678
2669,death,883
2670,death,1409
2671,death,816
2672,death,1151
2673,death,685
2674,death,1140
2675,death,1133
2676,death,1505
2677,death,899
2678,death,662
2679,death,298
2680,death,293
2681,death,689
2682,death,1663
2683,death,313
2684,death,694
2685,death,796
2686,death,300
2687,death,710
2688,death,689
2689,death,688
2690,death,703
2691,death,702
2692,death,306
2693,death,296
2694,death,1230
2695,death,303
2696,death,1933
2697,death,690
2698,death,2468
2699,death,1520
2700,death,1129
2701,death,683
2702,death,1125
2703,death,285
2704,death,1431
2705,death,695
2706,death,843
2707,death,680
2708,death,1222
2709,death,303
2710,death,310
2711,death,1132
2712,death,304
2713,death,692
2714,death,677
2715,death,305
2716,death,702
2717,death,282
2718,death,302
2719,death,295
2720,death,682
2721,death,707
2722,death,1410
2723,death,303
2724,death,314
2725,death,699
2726,death,694
2727,death,698
2728,death,1136
2729,death,697
2730,death,709
2731,death,312
2732,death,305
2733,death,293
2734,death,303
2735,death,703
2736,death,274
2737,death,837
2738,death,1415
2739,death,696
2740,death,1656
2741,death,694
2742,death,1124
2743,death,819
2744,death,680
2745,death,311
2746,death,312
2747,death,300
2748,death,677
2749,death,695
2750,death,683
2751,death,681
2752,death,302
2753,death,864
2754,death,680
2755,death,1523
2756,death,275
2757,death,1124
2758,death,1128
2759,death,275
2760,death,283
2761,death,698
2762,death,1435
2763,death,307
2764,death,677
2765,death,310
2766,death,1514
2767,death,282
2768,death,723
2769,death,293
2770,death,832
2771,death,687
2772,death,1415
2773,death,1226
2774,death,1234
2775,death,703
2776,death,693
2777,death,304
2778,death,723
2779,death,2742
2780,death,306
2781,death,314
2782,death,707
2783,death,1409
2784,death,1141
2785,death,1800
2786,death,1136
2787,death,307
2788,death,707
2789,death,1136
2790,death,722
2791,death,1126
2792,death,291
2793,death,262
2794,death,685
2795,death,690
2796,death,268
2797,death,865
2798,death,310
2799,death,900
2800,death,898
2801,death,1126
2802,death,696
2803,death,691
2804,death,844
2805,death,307
2806,death,307
2807,death,679
2808,death,295
2809,death,700
2810,death,690
2811,death,300
2812,death,1127
2813,death,686
2814,death,297
2815,death,1410
2816,death,281
2817,death,722
2818,death,722
2819,death,672
2820,death,1407
2821,death,859
2822,death,1125
2823,death,263
2824,death,303
2825,death,686
2826,death,262
2827,death,684
2828,death,294
2829,death,288
2830,death,899
2831,death,302
2832,death,305
2833,death,688
2834,death,278
2835,death,299
2836,death,1135
2837,death,285
2838,death,1124
2839,death,288
2840,death,899
2841,death,1128
2842,death,686
2843,death,702
2844,death,703
2845,death,819
2846,death,305
2847,death,1396
2848,death,314
2849,death,694
2850,death,259
2851,death,284
2852,death,1410
2853,death,1426
2854,death,900
2855,death,285
2856,death,273
2857,death,304
2858,death,671
2859,death,294
2860,death,2471
2861,death,836
2862,death,723
2863,death,686
2864,death,307
2865,death,686
2866,death,289
2867,death,663
2868,death,663
2869,death,711
2870,death,1435
2871,death,1126
2872,death,702
2873,death,899
2874,death,1428
2875,death,297
2876,death,1266
2877,death,1111
2878,death,306
2879,death,307
2880,death,698
2881,death,1133
2882,death,1229
2883,death,710
2884,death,1423
2885,death,1135
2886,death,898
2887,death,304
2888,death,898
2889,death,294
2890,death,684
2891,death,292
2892,death,680
2893,death,282
2894,death,685
2895,death,1407
2896,death,671
2897,death,1435
2898,death,673
2899,death,697
2900,death,301
2901,death,699
2902,death,1129
2903,death,1410
2904,death,693
2905,death,1143
2906,death,699
2907,death,693
2908,death,307
2909,death,692
2910,death,1419
2911,death,306
2912,death,1523
2913,death,841
2914,death,300
2915,death,1435
2916,death,849
2917,death,308
2918,death,1408
2919,death,310
2920,death,714
2921,death,1128
2922,death,693
2923,death,295
2924,death,299
2925,death,723
2926,death,899
2927,death,308
2928,death,700
2929,death,301
2930,death,700
2931,death,680
2932,death,1768
2933,death,723
2934,death,680
2935,death,702
2936,death,1127
2937,death,722
2938,death,301
2939,death,288
2940,death,687
2941,death,816
2942,death,1128
2943,death,683
2944,death,689
2945,death,292
2946,death,674
2947,death,682
2948,death,296
2949,death,1139
2950,death,297
2951,death,794
2952,death,1126
2953,death,706
2954,death,273
2955,death,843
2956,death,693
2957,death,691
2958,death,309
2959,death,295
2960,death,838
2961,death,1129
2962,death,309
2963,death,306
2964,death,1131
2965,death,1126
2966,death,681
2967,death,1148
2968,death,900
2969,death,308
2970,death,1435
2971,death,289
2972,death,1781
2973,death,301
2974,death,304
2975,death,723
2976,death,899
2977,death,296
2978,death,1129
2979,death,301
2980,death,281
2981,death,308
2982,death,699
2983,death,303
2984,death,1218
2985,death,308
2986,death,722
2987,death,1124
2988,death,309
2989,death,792
2990,death,707
2991,death,1519
2992,death,899
2993,death,307
2994,death,314
2995,death,1125
2996,death,689
2997,death,1410
2998,death,296
2999,death,254
3000,death,1132
3001,death,1136
3002,death,723
3003,death,294
3004,death,690
3005,death,1126
3006,death,297
3007,death,309
3008,death,693
3009,death,310
3010,death,306
3011,death,1127
3012,death,900
3013,death,704
3014,death,303
3015,death,899
3016,death,689
3017,death,680
3018,death,1122
3019,death,697
3020,death,302
3021,death,292
3022,death,1413
3023,death,303
3024,death,680
3025,death,284
3026,death,671
3027,death,288
3028,death,1130
3029,death,300
3030,death,274
3031,death,1130
3032,death,311
3033,death,707
3034,death,675
3035,death,1126
3036,death,1128
3037,death,297
3038,death,305
3039,death,309
3040,death,861
3041,death,702
3042,death,701
3043,death,678
3044,death,690
3045,death,1402
3046,death,707
3047,death,292
3048,death,276
3049,death,708
3050,death,676
3051,death,1508
3052,death,295
3053,death,1136
3054,death,819
3055,death,310
3056,death,899
3057,death,259
3058,death,1231
3059,death,306
3060,death,1432
3061,death,1139
3062,death,723
3063,death,697
3064,death,301
3065,death,310
3066,death,686
3067,death,692
3068,death,300
3069,death,724
3070,death,1431
3071,death,703
3072,death,290
3073,death,841
3074,death,713
3075,death,705
3076,death,291
3077,death,821
3078,death,704
3079,death,689
3080,death,297
3081,death,279
3082,death,702
3083,death,303
3084,death,681
3085,death,301
3086,death,1132
3087,death,1138
3088,death,867
3089,death,277
3090,death,300
3091,death,815
3092,death,677
3093,death,724
3094,death,724
3095,death,842
3096,death,293
3097,death,292
3098,death,899
3099,death,693
3100,death,681
3101,death,705
3102,death,296
3103,death,723
3104,death,704
3105,death,687
3106,death,1405
3107,death,1434
3108,death,1128
3109,death,1147
3110,death,856
3111,death,701
3112,death,300
3113,death,291
3114,death,285
3115,death,287
3116,death,688
3117,death,685
3118,death,679
3119,death,258
3120,death,702
3121,death,723
3122,death,1221
3123,death,696
3124,death,303
3125,death,860
3126,death,673
3127,death,820
3128,death,308
3129,death,675
3130,death,1125
3131,death,722
3132,death,859
3133,death,899
3134,death,688
3135,death,1125
3136,death,827
3137,death,1411
3138,death,1417
3139,death,1125
3140,death,273
3141,death,818
3142,death,1413
3143,death,847
3144,death,297
3145,death,703
3146,death,703
3147,death,286
3148,death,301
3149,death,298
3150,death,799
3151,death,311
3152,death,312
3153,death,1129
3154,death,315
3155,death,1656
3156,death,699
3157,death,1422
3158,death,823
3159,death,1137
3160,death,295
3161,death,1127
3162,death,1408
3163,death,307
3164,death,1411
3165,death,1128
3166,death,690
3167,death,304
3168,death,289
3169,death,305
3170,death,723
3171,death,675
3172,death,1438
3173,death,312
3174,death,305
3175,death,703
3176,death,309
3177,death,707
3178,death,830
3179,death,1152
3180,death,1238
3181,death,303
3182,death,300
3183,death,302
3184,death,1422
3185,death,305
3186,death,693
3187,death,284
3188,death,300
3189,death,315
3190,death,900
3191,death,1129
3192,death,282
3193,death,292
3194,death,845
3195,death,690
3196,death,254
3197,death,1124
3198,death,1433
3199,death,1405
3200,death,1124
3201,death,1410
3202,death,292
3203,death,289
3204,death,272
3205,death,1420
3206,death,665
3207,death,308
3208,death,1124
3209,death,836
3210,death,292
3211,death,713
3212,death,689
3213,death,1440
3214,death,311
3215,death,662
3216,death,1126
3217,death,691
3218,death,312
3219,death,309
3220,death,704
3221,death,313
3222,death,700
3223,death,305
3224,death,694
3225,death,1401
3226,death,709
3227,death,666
3228,death,673
3229,death,309
3230,death,1219
3231,death,292
3232,death,275
3233,death,1129
3234,death,722
3235,death,1247
3236,death,855
3237,death,690
3238,death,298
3239,death,1136
3240,death,1497
3241,death,698
3242,death,850
3243,death,1408
3244,death,309
3245,death,1125
3246,death,308
3247,death,312
3248,death,307
3249,death,847
3250,death,704
3251,death,862
3252,death,1134
3253,death,680
3254,death,272
3255,death,1128
3256,death,722
3257,death,304
3258,death,314
3259,death,696
3260,death,708
3261,death,711
3262,death,700
3263,death,653
3264,death,823
3265,death,307
3266,death,309
3267,death,843
3268,death,2024
3269,death,294
3270,death,1129
3271,death,695
3272,death,303
3273,death,1401
3274,death,699
3275,death,680
3276,death,708
3277,death,676
3278,death,314
3279,death,311
3280,death,693
3281,death,783
3282,death,304
3283,death,1124
3284,death,309
3285,death,1125
3286,death,700
3287,death,290
3288,death,1137
3289,death,1126
3290,death,1223
3291,death,1519
3292,death,695
3293,death,306
3294,death,710
3295,death,1137
3296,death,1128
3297,death,724
3298,death,315
3299,death,1415
3300,death,1127
3301,death,819
3302,death,723
3303,death,688
3304,death,686
3305,death,660
3306,death,722
3307,death,689
3308,death,309
3309,death,285
3310,death,804
3311,death,1125
3312,death,1123
3313,death,297
3314,death,1424
3315,death,1126
3316,death,722
3317,death,850
3318,death,1128
3319,death,723
3320,death,821
3321,death,809
3322,death,303
3323,death,265
3324,death,1125
3325,death,831
3326,death,1398
3327,death,284
3328,death,699
3329,death,300
3330,death,297
3331,death,277
3332,death,301
3333,death,302
3334,death,270
3335,death,1778
3336,death,1416
3337,death,310
3338,death,856
3339,death,314
3340,death,308
3341,death,722
3342,death,1138
3343,death,1409
3344,death,270
3345,death,304
3346,death,792
3347,death,1135
3348,death,703
3349,death,293
3350,death,681
3351,death,281
3352,death,701
3353,death,699
3354,death,294
3355,death,1127
3356,death,277
3357,death,705
3358,death,1435
3359,death,871
3360,death,690
3361,death,1134
3362,death,696
3363,death,830
3364,death,1127
3365,death,306
3366,death,661
3367,death,1432
3368,death,2021
3369,death,833
3370,death,708
3371,death,1136
3372,death,1436
3373,death,288
3374,death,680
3375,death,1123
3376,death,695
3377,death,276
3378,death,1415
3379,death,1123
3380,death,290
3381,death,842
3382,death,311
3383,death,304
3384,death,1434
3385,death,302
3386,death,309
3387,death,683
3388,death,251
3389,death,306
3390,death,311
3391,death,722
3392,death,1412
3393,death,281
3394,death,305
3395,death,2467
3396,death,679
3397,death,834
3398,death,1126
3399,death,723
3400,death,282
3401,death,306
3402,death,845
3403,death,673
3404,death,291
3405,death,1135
3406,death,293
3407,death,708
3408,death,2467
3409,death,1673
3410,death,694
3411,death,291
3412,death,679
3413,death,679
3414,death,708
3415,death,1436
3416,death,291
3417,death,869
3418,death,671
3419,death,684
3420,death,313
3421,death,1138
3422,death,676
3423,death,1510
3424,death,1515
3425,death,696
3426,death,708
3427,death,708
3428,death,1127
3429,death,687
3430,death,898
3431,death,690
3432,death,276
3433,death,691
3434,death,291
3435,death,2022
3436,death,796
3437,death,826
3438,death,1146
3439,death,302
3440,death,296
3441,death,675
3442,death,703
3443,death,286
3444,death,1129
3445,death,301
3446,death,899
3447,death,1271
3448,death,1395
3449,death,899
3450,death,2007
3451,death,899
3452,death,677
3453,death,293
3454,death,1420
3455,death,722
3456,death,683
3457,death,821
3458,death,289
3459,death,289
3460,death,1418
3461,death,305
3462,death,693
3463,death,677
3464,death,314
3465,death,685
3466,death,308
3467,death,862
3468,death,1415
3469,death,1123
3470,death,306
3471,death,1135
3472,death,293
3473,death,1434
3474,death,831
3475,death,838
3476,death,709
3477,death,303
3478,death,701
3479,death,309
3480,death,1126
3481,death,306
3482,death,1122
3483,death,711
3484,death,1664
3485,death,862
3486,death,311
3487,death,1654
3488,death,722
3489,death,693
3490,death,802
3491,death,1136
3492,death,284
3493,death,1124
3494,death,283
3495,death,1406
3496,death,247
3497,death,1522
3498,death,690
3499,death,1124
3500,death,704
3501,death,872
3502,death,898
3503,death,697
